{
    "name": "root",
    "gauges": {
        "SearchForFood.Policy.Entropy.mean": {
            "value": 1.251130223274231,
            "min": 1.251130223274231,
            "max": 1.413467526435852,
            "count": 22
        },
        "SearchForFood.Policy.Entropy.sum": {
            "value": 12511.302734375,
            "min": 12511.302734375,
            "max": 14160.1181640625,
            "count": 22
        },
        "SearchForFood.Step.mean": {
            "value": 219993.0,
            "min": 9954.0,
            "max": 219993.0,
            "count": 22
        },
        "SearchForFood.Step.sum": {
            "value": 219993.0,
            "min": 9954.0,
            "max": 219993.0,
            "count": 22
        },
        "SearchForFood.Policy.ExtrinsicValueEstimate.mean": {
            "value": 0.5282615423202515,
            "min": -0.012148357927799225,
            "max": 0.5282615423202515,
            "count": 22
        },
        "SearchForFood.Policy.ExtrinsicValueEstimate.sum": {
            "value": 103.53926086425781,
            "min": -1.943737268447876,
            "max": 103.53926086425781,
            "count": 22
        },
        "SearchForFood.Policy.GailValueEstimate.mean": {
            "value": 18.17940902709961,
            "min": 0.4923296868801117,
            "max": 22.5570125579834,
            "count": 22
        },
        "SearchForFood.Policy.GailValueEstimate.sum": {
            "value": 3563.1640625,
            "min": 78.77275085449219,
            "max": 4082.8193359375,
            "count": 22
        },
        "SearchForFood.Environment.EpisodeLength.mean": {
            "value": 108.18681318681318,
            "min": 108.18681318681318,
            "max": 480.7,
            "count": 22
        },
        "SearchForFood.Environment.EpisodeLength.sum": {
            "value": 9845.0,
            "min": 9614.0,
            "max": 10224.0,
            "count": 22
        },
        "SearchForFood.Environment.CumulativeReward.mean": {
            "value": 1.0,
            "min": 0.05,
            "max": 1.0,
            "count": 22
        },
        "SearchForFood.Environment.CumulativeReward.sum": {
            "value": 91.0,
            "min": 1.0,
            "max": 91.0,
            "count": 22
        },
        "SearchForFood.Policy.ExtrinsicReward.mean": {
            "value": 1.0,
            "min": 0.05,
            "max": 1.0,
            "count": 22
        },
        "SearchForFood.Policy.ExtrinsicReward.sum": {
            "value": 91.0,
            "min": 1.0,
            "max": 91.0,
            "count": 22
        },
        "SearchForFood.Policy.GailReward.mean": {
            "value": 37.110401967069606,
            "min": 37.024265486140585,
            "max": 189.70855379104614,
            "count": 22
        },
        "SearchForFood.Policy.GailReward.sum": {
            "value": 3377.046579003334,
            "min": 2902.289516746998,
            "max": 3794.171075820923,
            "count": 22
        },
        "SearchForFood.Losses.PolicyLoss.mean": {
            "value": 0.04757045534077205,
            "min": 0.03564503468514886,
            "max": 0.05178115816864496,
            "count": 22
        },
        "SearchForFood.Losses.PolicyLoss.sum": {
            "value": 0.4281340980669484,
            "min": 0.32426531136176584,
            "max": 0.5178115816864496,
            "count": 22
        },
        "SearchForFood.Losses.ValueLoss.mean": {
            "value": 26.788403343271327,
            "min": 14.208346088727316,
            "max": 46.7157144193296,
            "count": 22
        },
        "SearchForFood.Losses.ValueLoss.sum": {
            "value": 241.09563008944193,
            "min": 142.08346088727316,
            "max": 420.44142977396643,
            "count": 22
        },
        "SearchForFood.Policy.LearningRate.mean": {
            "value": 0.00017092844302386666,
            "min": 0.00017092844302386666,
            "max": 0.00029680560106479996,
            "count": 22
        },
        "SearchForFood.Policy.LearningRate.sum": {
            "value": 0.0015383559872147999,
            "min": 0.0015383559872147999,
            "max": 0.0028501578499473997,
            "count": 22
        },
        "SearchForFood.Policy.Epsilon.mean": {
            "value": 0.15697613333333338,
            "min": 0.15697613333333338,
            "max": 0.1989352,
            "count": 22
        },
        "SearchForFood.Policy.Epsilon.sum": {
            "value": 1.4127852000000003,
            "min": 1.4127852000000003,
            "max": 1.9500526,
            "count": 22
        },
        "SearchForFood.Policy.Beta.mean": {
            "value": 0.0005000000000000001,
            "min": 0.0005000000000000001,
            "max": 0.0005000000000000002,
            "count": 22
        },
        "SearchForFood.Policy.Beta.sum": {
            "value": 0.004500000000000001,
            "min": 0.004500000000000001,
            "max": 0.005000000000000002,
            "count": 22
        },
        "SearchForFood.Policy.GAILPolicyEstimate.mean": {
            "value": 0.4786012995022314,
            "min": 0.42926653325557707,
            "max": 0.5319815225623272,
            "count": 22
        },
        "SearchForFood.Policy.GAILPolicyEstimate.sum": {
            "value": 4.3074116955200825,
            "min": 3.907535004119078,
            "max": 4.84469261020422,
            "count": 22
        },
        "SearchForFood.Policy.GAILExpertEstimate.mean": {
            "value": 0.5256080323899233,
            "min": 0.5075633294052548,
            "max": 0.5935017565886178,
            "count": 22
        },
        "SearchForFood.Policy.GAILExpertEstimate.sum": {
            "value": 4.73047229150931,
            "min": 4.568069964647293,
            "max": 5.684958900014559,
            "count": 22
        },
        "SearchForFood.Losses.GAILLoss.mean": {
            "value": 1.327300241699925,
            "min": 1.1530238130578288,
            "max": 1.4854109408678833,
            "count": 22
        },
        "SearchForFood.Losses.GAILLoss.sum": {
            "value": 11.945702175299326,
            "min": 10.377214317520458,
            "max": 13.36869846781095,
            "count": 22
        },
        "SearchForFood.Policy.GAILGradMagLoss.mean": {
            "value": 0.008046386849687054,
            "min": 0.0030637844703354255,
            "max": 4.9954757811846555,
            "count": 22
        },
        "SearchForFood.Policy.GAILGradMagLoss.sum": {
            "value": 0.0724174816471835,
            "min": 0.030637844703354254,
            "max": 44.9592820306619,
            "count": 22
        },
        "SearchForFood.Losses.PretrainingLoss.mean": {
            "value": 0.9125688285739335,
            "min": 0.9055919150511423,
            "max": 1.6277441625241882,
            "count": 22
        },
        "SearchForFood.Losses.PretrainingLoss.sum": {
            "value": 8.213119457165401,
            "min": 8.213119457165401,
            "max": 14.649697462717693,
            "count": 22
        },
        "SearchForFood.IsTraining.mean": {
            "value": 1.0,
            "min": 1.0,
            "max": 1.0,
            "count": 22
        },
        "SearchForFood.IsTraining.sum": {
            "value": 1.0,
            "min": 1.0,
            "max": 1.0,
            "count": 22
        }
    },
    "metadata": {
        "timer_format_version": "0.1.0",
        "start_time_seconds": "1700841112",
        "python_version": "3.9.6 (tags/v3.9.6:db3ff76, Jun 28 2021, 15:26:21) [MSC v.1929 64 bit (AMD64)]",
        "command_line_arguments": "C:\\Projects\\UnityForKuliah\\ProjectAI\\venv\\Scripts\\mlagents-learn config\\imitateConfig01.yaml --run-id=SOFImitate01",
        "mlagents_version": "0.28.0",
        "mlagents_envs_version": "0.28.0",
        "communication_protocol_version": "1.5.0",