{
    "name": "root",
    "gauges": {
        "WorkForFood.Policy.Entropy.mean": {
            "value": -1.023290753364563,
            "min": -1.023290753364563,
            "max": 1.3755624294281006,
            "count": 36
        },
        "WorkForFood.Policy.Entropy.sum": {
            "value": -10239.0478515625,
            "min": -10239.0478515625,
            "max": 13755.6240234375,
            "count": 36
        },
        "WorkForFood.Step.mean": {
            "value": 359977.0,
            "min": 9960.0,
            "max": 359977.0,
            "count": 36
        },
        "WorkForFood.Step.sum": {
            "value": 359977.0,
            "min": 9960.0,
            "max": 359977.0,
            "count": 36
        },
        "WorkForFood.Policy.ExtrinsicValueEstimate.mean": {
            "value": 0.3449362516403198,
            "min": 0.052065297961235046,
            "max": 0.40313029289245605,
            "count": 36
        },
        "WorkForFood.Policy.ExtrinsicValueEstimate.sum": {
            "value": 56.224609375,
            "min": 8.278382301330566,
            "max": 67.72589111328125,
            "count": 36
        },
        "WorkForFood.Policy.GailValueEstimate.mean": {
            "value": 22.870222091674805,
            "min": 11.889811515808105,
            "max": 40.100223541259766,
            "count": 36
        },
        "WorkForFood.Policy.GailValueEstimate.sum": {
            "value": 3727.84619140625,
            "min": 1890.47998046875,
            "max": 6456.1357421875,
            "count": 36
        },
        "WorkForFood.Environment.EpisodeLength.mean": {
            "value": 457.1904761904762,
            "min": 439.17391304347825,
            "max": 999.0,
            "count": 36
        },
        "WorkForFood.Environment.EpisodeLength.sum": {
            "value": 9601.0,
            "min": 9353.0,
            "max": 10485.0,
            "count": 36
        },
        "WorkForFood.Environment.CumulativeReward.mean": {
            "value": 2.0,
            "min": 0.1111111111111111,
            "max": 2.0,
            "count": 36
        },
        "WorkForFood.Environment.CumulativeReward.sum": {
            "value": 44.0,
            "min": 1.0,
            "max": 46.0,
            "count": 36
        },
        "WorkForFood.Policy.ExtrinsicReward.mean": {
            "value": 2.0,
            "min": 0.1111111111111111,
            "max": 2.0,
            "count": 36
        },
        "WorkForFood.Policy.ExtrinsicReward.sum": {
            "value": 44.0,
            "min": 1.0,
            "max": 46.0,
            "count": 36
        },
        "WorkForFood.Policy.GailReward.mean": {
            "value": 140.8428155292164,
            "min": 138.61660187140754,
            "max": 376.3084024058448,
            "count": 36
        },
        "WorkForFood.Policy.GailReward.sum": {
            "value": 3098.5419416427612,
            "min": 2484.977735519409,
            "max": 4533.024353504181,
            "count": 36
        },
        "WorkForFood.Losses.PolicyLoss.mean": {
            "value": 0.03918509292297703,
            "min": 0.03753752542710303,
            "max": 0.04958016312375549,
            "count": 36
        },
        "WorkForFood.Losses.PolicyLoss.sum": {
            "value": 0.35266583630679327,
            "min": 0.33783772884392727,
            "max": 0.4958016312375549,
            "count": 36
        },
        "WorkForFood.Losses.ValueLoss.mean": {
            "value": 3.448610410646156,
            "min": 3.207127867142359,
            "max": 39.31182049821924,
            "count": 36
        },
        "WorkForFood.Losses.ValueLoss.sum": {
            "value": 31.037493695815407,
            "min": 29.56847906112671,
            "max": 353.80638448397315,
            "count": 36
        },
        "WorkForFood.Policy.LearningRate.mean": {
            "value": 8.699840433388888e-05,
            "min": 8.699840433388888e-05,
            "max": 0.00029680800106399993,
            "count": 36
        },
        "WorkForFood.Policy.LearningRate.sum": {
            "value": 0.0007829856390049999,
            "min": 0.0007829856390049999,
            "max": 0.00285057004981,
            "count": 36
        },
        "WorkForFood.Policy.Epsilon.mean": {
            "value": 0.12899944444444447,
            "min": 0.12899944444444447,
            "max": 0.198936,
            "count": 36
        },
        "WorkForFood.Policy.Epsilon.sum": {
            "value": 1.1609950000000002,
            "min": 1.1609950000000002,
            "max": 1.9501900000000003,
            "count": 36
        },
        "WorkForFood.Policy.Beta.mean": {
            "value": 0.0005000000000000001,
            "min": 0.0005000000000000001,
            "max": 0.0005000000000000002,
            "count": 36
        },
        "WorkForFood.Policy.Beta.sum": {
            "value": 0.004500000000000001,
            "min": 0.004500000000000001,
            "max": 0.005000000000000002,
            "count": 36
        },
        "WorkForFood.Policy.GAILPolicyEstimate.mean": {
            "value": 0.41814107613431084,
            "min": 0.28495448914666965,
            "max": 0.48069891140416815,
            "count": 36
        },
        "WorkForFood.Policy.GAILPolicyEstimate.sum": {
            "value": 3.7632696852087975,
            "min": 2.8495448914666968,
            "max": 4.801624665657679,
            "count": 36
        },
        "WorkForFood.Policy.GAILExpertEstimate.mean": {
            "value": 0.6010300202502145,
            "min": 0.5358945116400718,
            "max": 0.6981642832358679,
            "count": 36
        },
        "WorkForFood.Policy.GAILExpertEstimate.sum": {
            "value": 5.40927018225193,
            "min": 4.882730382184187,
            "max": 6.981642832358679,
            "count": 36
        },
        "WorkForFood.Losses.GAILLoss.mean": {
            "value": 1.1185544674043304,
            "min": 0.7726890330513319,
            "max": 1.361011591222551,
            "count": 36
        },
        "WorkForFood.Losses.GAILLoss.sum": {
            "value": 10.066990206638973,
            "min": 7.726890330513319,
            "max": 13.296439011891682,
            "count": 36
        },
        "WorkForFood.Policy.GAILGradMagLoss.mean": {
            "value": 0.14916678966471442,
            "min": 0.1336138396765347,
            "max": 4.5944591125956284,
            "count": 36
        },
        "WorkForFood.Policy.GAILGradMagLoss.sum": {
            "value": 1.3425011069824297,
            "min": 1.2025245570888123,
            "max": 41.35013201336066,
            "count": 36
        },
        "WorkForFood.Losses.PretrainingLoss.mean": {
            "value": 0.11630845637548538,
            "min": 0.11630845637548538,
            "max": 1.3471326237212624,
            "count": 36
        },
        "WorkForFood.Losses.PretrainingLoss.sum": {
            "value": 1.0467761073793684,
            "min": 1.0467761073793684,
            "max": 12.124193613491363,
            "count": 36
        },
        "WorkForFood.IsTraining.mean": {
            "value": 1.0,
            "min": 1.0,
            "max": 1.0,
            "count": 36
        },
        "WorkForFood.IsTraining.sum": {
            "value": 1.0,
            "min": 1.0,
            "max": 1.0,
            "count": 36
        }
    },
    "metadata": {
        "timer_format_version": "0.1.0",
        "start_time_seconds": "1702141467",
        "python_version": "3.9.6 (tags/v3.9.6:db3ff76, Jun 28 2021, 15:26:21) [MSC v.1929 64 bit (AMD64)]",
        "command_line_arguments": "C:\\Projects\\UnityForKuliah\\ProjectAI\\venv\\Scripts\\mlagents-learn config/ImitateConfigGen301.yaml --run-id=WFFG3_02",
        "mlagents_version": "0.28.0",
        "mlagents_envs_version": "0.28.0",
        "communication_protocol_version": "1.5.0",
        "pytorch_version": "2.1.1+cpu",
        "numpy_version": "1.23.5",